Data,Price,Volume,Players,Events
08-07-2020,"43,99 zł",57688,932283,0
08-08-2020,"28,48 zł",48599,843194,0
08-09-2020,"22,20 zł",47728,853039,0
08-10-2020,"18,16 zł",45967,893174,0
08-11-2020,"16,25 zł",45196,899024,0
08-12-2020,"14,98 zł",43555,884995,0
08-13-2020,"14,23 zł",43070,876966,0
08-14-2020,"13,56 zł",46246,875455,0
08-15-2020,"13,25 zł",44554,854792,0
08-16-2020,"11,34 zł",47411,877467,0
08-17-2020,"10,01 zł",44304,868256,0
08-18-2020,"9,52 zł",48440,874622,0
08-19-2020,"9,70 zł",47738,876088,0
08-20-2020,"9,75 zł",45238,896082,0
08-21-2020,"9,53 zł",47635,880736,0
08-22-2020,"10,30 zł",46853,872493,0
08-23-2020,"9,09 zł",49366,900146,0
08-24-2020,"8,42 zł",49509,853676,0
08-25-2020,"7,90 zł",53898,870124,0
08-26-2020,"7,87 zł",48431,908704,0
08-27-2020,"7,58 zł",49525,887323,0
08-28-2020,"7,68 zł",51543,898136,0
08-29-2020,"7,58 zł",47715,884184,0
08-30-2020,"6,92 zł",50963,906097,0
08-31-2020,"6,38 zł",50976,888439,0
09-01-2020,"6,36 zł",45849,831180,0
09-02-2020,"6,55 zł",46272,835468,0
09-03-2020,"6,45 zł",44761,838798,0
09-04-2020,"6,66 zł",50004,893954,0
09-05-2020,"6,27 zł",49822,915371,0
09-06-2020,"5,81 zł",52068,921436,0
09-07-2020,"5,78 zł",47492,868058,0
09-08-2020,"5,56 zł",47045,881428,0
09-09-2020,"5,45 zł",48394,874879,0
09-10-2020,"5,81 zł",49090,883198,0
09-11-2020,"5,89 zł",52752,949174,0
09-12-2020,"5,93 zł",56072,980879,0
09-13-2020,"5,79 zł",52875,945582,0
09-14-2020,"5,67 zł",50716,877018,0
09-15-2020,"5,86 zł",50706,862722,0
09-16-2020,"5,99 zł",51649,838981,0
09-17-2020,"5,98 zł",47391,875989,0
09-18-2020,"5,93 zł",53882,933914,0
09-19-2020,"5,88 zł",58182,957983,0
09-20-2020,"5,57 zł",54431,927416,0
09-21-2020,"5,28 zł",49594,842803,0
09-22-2020,"5,17 zł",51432,842089,0
09-23-2020,"5,20 zł",51541,856608,0
09-24-2020,"5,19 zł",50498,830111,0
09-25-2020,"5,24 zł",56968,899225,0
09-26-2020,"4,98 zł",59816,892015,0
09-27-2020,"4,15 zł",62867,888767,0
09-28-2020,"3,72 zł",56351,809850,0
09-29-2020,"3,64 zł",58968,820539,0
09-30-2020,"3,72 zł",57990,858784,0
10-01-2020,"4,00 zł",59507,789179,0
10-02-2020,"4,05 zł",64938,870763,0
10-03-2020,"3,87 zł",65543,883089,0
10-04-2020,"3,75 zł",64935,904380,0
10-05-2020,"3,74 zł",58181,845419,0
10-06-2020,"3,79 zł",54526,828380,0
10-07-2020,"3,84 zł",57148,844690,0
10-08-2020,"3,95 zł",55674,825650,0
10-09-2020,"4,03 zł",60758,879815,0
10-10-2020,"4,00 zł",63035,927161,0
10-11-2020,"3,97 zł",60968,890485,0
10-12-2020,"3,86 zł",56964,823765,0
10-13-2020,"3,86 zł",54892,841109,0
10-14-2020,"3,86 zł",54239,867616,0
10-15-2020,"3,92 zł",53907,811378,0
10-16-2020,"3,97 zł",57271,921298,0
10-17-2020,"3,93 zł",64035,945280,0
10-18-2020,"3,76 zł",60667,942901,0
10-19-2020,"3,56 zł",53129,841530,0
10-20-2020,"3,39 zł",52251,853447,0
10-21-2020,"3,44 zł",57519,851483,0
10-22-2020,"3,50 zł",56468,869057,0
10-23-2020,"3,56 zł",61892,906202,0
10-24-2020,"3,54 zł",65099,943740,0
10-25-2020,"3,24 zł",61883,926943,0
10-26-2020,"3,03 zł",60004,870425,0
10-27-2020,"2,97 zł",58467,868925,0
10-28-2020,"2,94 zł",59984,894422,0
10-29-2020,"2,96 zł",61622,903157,0
10-30-2020,"3,03 zł",69660,951748,0
10-31-2020,"3,06 zł",66266,923784,0
11-01-2020,"3,04 zł",67356,938972,0
11-02-2020,"3,07 zł",47799,865559,0
11-03-2020,"3,02 zł",62412,892234,0
11-04-2020,"3,04 zł",62151,915539,0
11-05-2020,"3,06 zł",59766,900839,0
11-06-2020,"3,18 zł",65951,966137,0
11-07-2020,"3,37 zł",70370,988989,0
11-08-2020,"3,26 zł",65783,972546,0
11-09-2020,"3,08 zł",57902,891145,0
11-10-2020,"3,05 zł",60047,902533,0
11-11-2020,"3,06 zł",57391,892001,0
11-12-2020,"3,05 zł",57339,885755,0
11-13-2020,"3,05 zł",64769,980079,0
11-14-2020,"3,05 zł",67484,1011452,0
11-15-2020,"2,98 zł",62885,993613,0
11-16-2020,"2,79 zł",61097,910911,0
11-17-2020,"2,75 zł",63159,925392,0
11-18-2020,"2,67 zł",60255,926887,0
11-19-2020,"2,42 zł",61483,907302,0
11-20-2020,"2,51 zł",69307,1027398,0
11-21-2020,"2,59 zł",72118,1040051,0
11-22-2020,"2,56 zł",69088,1029560,0
11-23-2020,"2,44 zł",62138,935172,0
11-24-2020,"2,28 zł",58997,928674,0
11-25-2020,"2,22 zł",63869,907850,0
11-26-2020,"2,20 zł",69998,925227,0
11-27-2020,"2,31 zł",77220,957979,0
11-28-2020,"2,39 zł",79106,1032509,0
11-29-2020,"2,32 zł",70534,998892,0
11-30-2020,"2,26 zł",68594,911943,0
12-01-2020,"2,20 zł",62251,901058,0
12-02-2020,"2,28 zł",63089,906912,0
12-03-2020,"2,20 zł",65570,918924,1
12-04-2020,"1,08 zł",71543,1168240,0
12-05-2020,"1,13 zł",65130,1169661,0
12-06-2020,"1,06 zł",64713,1129059,0
12-07-2020,"1,04 zł",62203,1013570,0
12-08-2020,"1,00 zł",59916,985934,0
12-09-2020,"0,98 zł",58163,1008334,0
12-10-2020,"1,01 zł",61918,925996,0
12-11-2020,"1,04 zł",64818,971683,0
12-12-2020,"1,01 zł",67022,1089094,0
12-13-2020,"0,95 zł",62035,1062017,0
12-14-2020,"0,91 zł",58797,968998,0
12-15-2020,"0,93 zł",62812,956429,0
12-16-2020,"0,93 zł",63138,980020,0
12-17-2020,"0,96 zł",66133,973337,0
12-18-2020,"1,00 zł",68257,1023525,0
12-19-2020,"1,03 zł",73846,1078252,0
12-20-2020,"1,06 zł",72220,1045197,0
12-21-2020,"1,05 zł",70651,977794,0
12-22-2020,"1,05 zł",78120,969469,0
12-23-2020,"1,14 zł",79065,1015643,0
12-24-2020,"1,27 zł",79599,977827,0
12-25-2020,"1,54 zł",77211,1020927,0
12-26-2020,"1,57 zł",76202,1086537,0
12-27-2020,"1,46 zł",62656,1067109,0
12-28-2020,"1,42 zł",72270,1033854,0
12-29-2020,"1,41 zł",73618,1033375,0
12-30-2020,"1,46 zł",79924,1056057,0
12-31-2020,"1,66 zł",82752,982583,0
01-01-2021,"1,99 zł",77317,1020715,0
01-02-2021,"1,88 zł",75074,1079804,0
01-03-2021,"1,83 zł",74905,1067795,0
01-04-2021,"1,63 zł",72263,1047477,0
01-05-2021,"1,51 zł",70179,1049455,0
01-06-2021,"1,48 zł",71643,1072613,0
01-07-2021,"1,50 zł",72120,1054597,0
01-08-2021,"1,60 zł",75469,1051904,0
01-09-2021,"1,77 zł",77991,1071693,0
01-10-2021,"1,85 zł",74301,1062232,0
01-11-2021,"1,84 zł",71361,991280,0
01-12-2021,"1,82 zł",74947,995788,0
01-13-2021,"1,92 zł",74198,998932,0
01-14-2021,"1,92 zł",75222,985870,0
01-15-2021,"1,95 zł",78848,1018160,0
01-16-2021,"2,06 zł",84736,1079783,0
01-17-2021,"2,05 zł",77065,1080127,0
01-18-2021,"2,06 zł",68156,987532,0
01-19-2021,"2,04 zł",68817,986711,0
01-20-2021,"2,01 zł",73301,1013052,0
01-21-2021,"2,03 zł",67675,1012235,0
01-22-2021,"2,04 zł",76070,1060724,0
01-23-2021,"2,05 zł",74445,1107826,0
01-24-2021,"2,02 zł",74803,1118387,0
01-25-2021,"1,98 zł",69755,1016356,0
01-26-2021,"1,92 zł",67058,1018800,0
01-27-2021,"1,85 zł",71469,1043216,0
01-28-2021,"1,58 zł",98876,1053503,0
01-29-2021,"1,75 zł",91095,1076999,0
01-30-2021,"1,84 zł",87010,1115786,0
01-31-2021,"1,79 zł",83060,1125411,0
02-01-2021,"1,76 zł",73577,1027088,0
02-02-2021,"1,75 zł",73348,1008757,0
02-03-2021,"1,70 zł",76745,1029603,0
02-04-2021,"1,71 zł",72225,1013800,0
02-05-2021,"1,75 zł",77944,1039577,0
02-06-2021,"1,78 zł",82720,1075574,0
02-07-2021,"1,77 zł",75133,1119604,0
02-08-2021,"1,73 zł",73489,1020802,0
02-09-2021,"1,73 zł",82169,1020303,0
02-10-2021,"1,71 zł",83212,1029544,0
02-11-2021,"1,80 zł",94184,1036074,0
02-12-2021,"1,82 zł",91378,1051602,0
02-13-2021,"1,84 zł",96616,1045646,0
02-14-2021,"1,79 zł",83638,1036840,0
02-15-2021,"1,76 zł",79325,1030571,0
02-16-2021,"1,80 zł",76828,1049741,0
02-17-2021,"1,80 zł",77210,1061470,0
02-18-2021,"1,77 zł",75900,1054605,0
02-19-2021,"1,81 zł",82233,1070445,0
02-20-2021,"1,87 zł",90670,1109654,0
02-21-2021,"1,91 zł",85709,1118611,0
02-22-2021,"1,94 zł",84606,1094706,0
02-23-2021,"2,02 zł",108633,1070591,0
02-24-2021,"2,20 zł",106129,1053941,0
02-25-2021,"2,37 zł",99338,1046663,0
02-26-2021,"2,54 zł",100839,1054435,0
02-27-2021,"2,74 zł",99403,1125838,0
02-28-2021,"2,75 zł",90126,1111889,0
03-01-2021,"2,59 zł",79198,1023120,0
03-02-2021,"2,50 zł",75526,1003860,0
03-03-2021,"2,42 zł",81823,1028293,0
03-04-2021,"2,40 zł",78620,1036729,0
03-05-2021,"2,44 zł",91892,1131887,0
03-06-2021,"2,55 zł",96440,1168536,0
03-07-2021,"2,60 zł",91354,1158039,0
03-08-2021,"2,52 zł",79263,1106575,0
03-09-2021,"2,50 zł",77595,1059727,0
03-10-2021,"2,48 zł",80973,1082860,0
03-11-2021,"2,46 zł",82956,1093173,0
03-12-2021,"2,48 zł",89151,1172585,0
03-13-2021,"2,47 zł",94730,1201993,0
03-14-2021,"2,40 zł",81098,1178958,0
03-15-2021,"2,31 zł",73984,1061596,0
03-16-2021,"2,25 zł",81994,1053151,0
03-17-2021,"2,21 zł",89324,1108228,0
03-18-2021,"2,25 zł",86648,1097727,0
03-19-2021,"2,27 zł",98006,1144971,0
03-20-2021,"2,30 zł",96527,1186105,0
03-21-2021,"2,23 zł",91011,1181114,0
03-22-2021,"2,22 zł",85908,1094711,0
03-23-2021,"2,22 zł",83083,1093322,0
03-24-2021,"2,25 zł",84274,1073382,0
03-25-2021,"2,30 zł",85161,1073766,0
03-26-2021,"2,34 zł",92473,1117310,0
03-27-2021,"2,38 zł",93627,1124240,0
03-28-2021,"2,36 zł",91066,1122312,0
03-29-2021,"2,38 zł",83740,1046706,0
03-30-2021,"2,36 zł",78649,1036758,0
03-31-2021,"2,41 zł",83289,1033211,0
04-01-2021,"2,46 zł",84908,1053509,0
04-02-2021,"2,49 zł",90829,1110758,0
04-03-2021,"2,50 zł",91014,1138311,0
04-04-2021,"2,48 zł",86601,1150982,0
04-05-2021,"2,51 zł",81361,1096738,0
04-06-2021,"2,46 zł",77410,1085149,0
04-07-2021,"2,32 zł",74293,1070209,0
04-08-2021,"2,12 zł",94803,1079320,0
04-09-2021,"2,14 zł",119716,1129251,0
04-10-2021,"2,08 zł",108614,1145336,0
04-11-2021,"2,01 zł",92652,1101657,0
04-12-2021,"2,03 zł",87020,1030824,0
04-13-2021,"2,01 zł",80353,1032624,0
04-14-2021,"2,07 zł",25930,959823,0
04-15-2021,"2,05 zł",99878,1048821,0
04-16-2021,"2,00 zł",92152,1112625,0
04-17-2021,"2,00 zł",90368,1122110,0
04-18-2021,"1,95 zł",82017,1088805,0
04-19-2021,"1,89 zł",80029,1005473,0
04-20-2021,"1,84 zł",75012,1009295,0
04-21-2021,"1,83 zł",75211,1015810,0
04-22-2021,"1,86 zł",77181,1020824,0
04-23-2021,"1,92 zł",87856,1127729,0
04-24-2021,"1,94 zł",87404,1102251,0
04-25-2021,"1,92 zł",82115,1115863,0
04-26-2021,"1,92 zł",76745,1012853,0
04-27-2021,"1,93 zł",73556,1025198,0
04-28-2021,"1,93 zł",71974,992049,0
04-29-2021,"1,93 zł",70768,972781,0
04-30-2021,"1,94 zł",86127,1022875,0
05-01-2021,"1,94 zł",80334,952439,0
05-02-2021,"1,91 zł",80430,977703,0
05-03-2021,"1,87 zł",81589,988108,0
05-04-2021,"1,63 zł",113580,1088168,0
05-05-2021,"1,60 zł",95899,1040111,0
05-06-2021,"1,58 zł",87456,1016313,0
05-07-2021,"1,63 zł",92336,978012,0
05-08-2021,"1,64 zł",90929,1029897,0
05-09-2021,"1,63 zł",86672,981130,0
05-10-2021,"1,62 zł",81951,968851,0
05-11-2021,"1,60 zł",80594,943235,0
05-12-2021,"1,61 zł",84834,964303,0
05-13-2021,"1,60 zł",80714,986626,0
05-14-2021,"1,62 zł",89592,1006940,0
05-15-2021,"1,64 zł",96554,1030227,0
05-16-2021,"1,63 zł",84773,1020628,0
05-17-2021,"1,58 zł",73699,918526,0
05-18-2021,"1,54 zł",75045,926647,0
05-19-2021,"1,48 zł",73055,935159,0
05-20-2021,"1,45 zł",77575,937617,0
05-21-2021,"1,45 zł",81921,953534,0
05-22-2021,"1,49 zł",86681,998970,0
05-23-2021,"1,44 zł",80162,963175,0
05-24-2021,"1,44 zł",77813,931911,0
05-25-2021,"1,43 zł",72313,914002,0
05-26-2021,"1,43 zł",74457,935117,0
05-27-2021,"1,44 zł",76303,933185,0
05-28-2021,"1,44 zł",84367,940497,0
05-29-2021,"1,44 zł",84056,970800,0
05-30-2021,"1,43 zł",84573,956249,0
05-31-2021,"1,43 zł",79533,898663,0
06-01-2021,"1,42 zł",69356,892929,0
06-02-2021,"1,43 zł",72435,910117,0
06-03-2021,"1,40 zł",74504,929940,0
06-04-2021,"1,48 zł",105078,918403,0
06-05-2021,"1,56 zł",99460,891795,0
06-06-2021,"1,47 zł",76587,890085,0
06-07-2021,"1,41 zł",71390,836590,0
06-08-2021,"1,41 zł",70523,819509,0
06-09-2021,"1,42 zł",75749,837448,0
06-10-2021,"1,41 zł",71134,843785,0
06-11-2021,"1,42 zł",73238,833109,0
06-12-2021,"1,42 zł",78605,828350,0
06-13-2021,"1,42 zł",81056,852807,0
06-14-2021,"1,41 zł",73421,803038,0
06-15-2021,"1,41 zł",71803,788472,0
06-16-2021,"1,39 zł",67866,775388,0
06-17-2021,"1,38 zł",69436,773086,0
06-18-2021,"1,37 zł",71724,824114,0
06-19-2021,"1,39 zł",73012,775987,0
06-20-2021,"1,35 zł",71765,806350,0
06-21-2021,"1,28 zł",70089,791727,0
06-22-2021,"1,25 zł",71299,788748,0
06-23-2021,"1,20 zł",65348,772009,0
06-24-2021,"1,11 zł",73118,789025,0
06-25-2021,"1,09 zł",77006,797678,0
06-26-2021,"1,07 zł",73063,782173,0
06-27-2021,"1,09 zł",70679,769535,0
06-28-2021,"1,06 zł",70059,748956,0
06-29-2021,"1,05 zł",69165,754001,0
06-30-2021,"1,02 zł",66086,758774,0
07-01-2021,"1,01 zł",64563,756820,0
07-02-2021,"1,03 zł",67923,763249,0
07-03-2021,"1,03 zł",67211,766510,0
07-04-2021,"0,99 zł",64591,758622,0
07-05-2021,"0,96 zł",64440,751053,0
07-06-2021,"0,94 zł",64977,730528,0
07-07-2021,"0,91 zł",62992,739924,0
07-08-2021,"0,85 zł",59672,721844,0
07-09-2021,"0,84 zł",60023,699940,0
07-10-2021,"0,85 zł",60507,717506,0
07-11-2021,"0,83 zł",56494,737835,0
07-12-2021,"0,78 zł",57678,727427,0
07-13-2021,"0,74 zł",53992,732964,0
07-14-2021,"0,75 zł",65245,721986,0
07-15-2021,"0,76 zł",60382,719045,0
07-16-2021,"0,78 zł",61263,716694,0
07-17-2021,"0,80 zł",58126,722621,0
07-18-2021,"0,78 zł",56489,739355,0
07-19-2021,"0,75 zł",57970,733470,0
07-20-2021,"0,76 zł",55989,729240,0
07-21-2021,"0,74 zł",58216,727854,0
07-22-2021,"0,73 zł",55056,722573,0
07-23-2021,"0,73 zł",61535,735572,0
07-24-2021,"0,75 zł",60131,728882,0
07-25-2021,"0,74 zł",61334,752672,0
07-26-2021,"0,74 zł",58256,729177,0
07-27-2021,"0,77 zł",40239,724546,0
07-28-2021,"0,77 zł",65584,731578,0
07-29-2021,"0,73 zł",67825,735700,0
07-30-2021,"0,74 zł",70521,735589,0
07-31-2021,"0,77 zł",65539,737865,0
08-01-2021,"0,78 zł",64437,730208,0
08-02-2021,"0,76 zł",66570,735987,0
08-03-2021,"0,78 zł",63958,733646,0
08-04-2021,"0,79 zł",61281,746905,0
08-05-2021,"0,83 zł",61284,739455,0
08-06-2021,"0,79 zł",68793,758084,0
08-07-2021,"0,78 zł",66991,759183,0
08-08-2021,"0,78 zł",64155,778303,0
08-09-2021,"0,75 zł",62804,741799,0
08-10-2021,"0,72 zł",60820,741606,0
08-11-2021,"0,70 zł",59770,742259,0
08-12-2021,"0,68 zł",58471,736536,0
08-13-2021,"0,68 zł",64529,726366,0
08-14-2021,"0,68 zł",63510,727424,0
08-15-2021,"0,68 zł",60417,766406,0
08-16-2021,"0,63 zł",60765,739473,0
08-17-2021,"0,62 zł",58327,736982,0
08-18-2021,"0,61 zł",60118,747855,0
08-19-2021,"0,61 zł",60340,751249,0
08-20-2021,"0,62 zł",65393,754472,0
08-21-2021,"0,63 zł",64672,765017,0
08-22-2021,"0,63 zł",67431,781459,0
08-23-2021,"0,63 zł",62172,760504,0
08-24-2021,"0,61 zł",64199,762306,0
08-25-2021,"0,61 zł",63500,761705,0
08-26-2021,"0,61 zł",63535,772924,0
08-27-2021,"0,62 zł",68720,772319,0
08-28-2021,"0,65 zł",65925,769218,0
08-29-2021,"0,63 zł",59354,804133,0
08-30-2021,"0,62 zł",63391,780285,0
08-31-2021,"0,64 zł",63751,763104,0
09-01-2021,"0,65 zł",58667,741011,0
09-02-2021,"0,68 zł",59243,719796,0
09-03-2021,"0,69 zł",67125,768149,0
09-04-2021,"0,69 zł",71928,815090,0
09-05-2021,"0,70 zł",68197,799078,0
09-06-2021,"0,69 zł",58892,733141,0
09-07-2021,"0,66 zł",57449,726125,0
09-08-2021,"0,63 zł",54621,726141,0
09-09-2021,"0,63 zł",58031,722206,0
09-10-2021,"0,62 zł",71583,774125,0
09-11-2021,"0,61 zł",76014,822506,0
09-12-2021,"0,62 zł",76662,803251,0
09-13-2021,"0,63 zł",65131,740533,0
09-14-2021,"0,60 zł",58947,742765,0
09-15-2021,"0,62 zł",58184,746009,0
09-16-2021,"0,61 zł",66071,769913,0
09-17-2021,"0,61 zł",75093,793807,0
09-18-2021,"0,60 zł",75338,866697,0
09-19-2021,"0,60 zł",67942,889242,0
09-20-2021,"0,59 zł",60040,805124,0
09-21-2021,"0,58 zł",58128,752135,0
09-22-2021,"0,42 zł",94862,949817,1
09-23-2021,"0,34 zł",70822,875772,0
09-24-2021,"0,33 zł",64333,913367,0
09-25-2021,"0,33 zł",69940,895908,0
09-26-2021,"0,34 zł",61027,873386,0
09-27-2021,"0,33 zł",50728,775285,0
09-28-2021,"0,32 zł",56331,757827,0
09-29-2021,"0,31 zł",57380,801358,0
09-30-2021,"0,29 zł",53822,821019,0
10-01-2021,"0,32 zł",56971,812501,0
10-02-2021,"0,31 zł",64641,832243,0
10-03-2021,"0,29 zł",62580,866030,0
10-04-2021,"0,27 zł",51021,777988,0
10-05-2021,"0,28 zł",55332,789100,0
10-06-2021,"0,26 zł",55235,798637,0
10-07-2021,"0,24 zł",50976,761673,0
10-08-2021,"0,26 zł",56730,759077,0
10-09-2021,"0,27 zł",57224,851986,0
10-10-2021,"0,25 zł",51030,826577,0
10-11-2021,"0,25 zł",49168,715717,0
10-12-2021,"0,25 zł",48646,703559,0
10-13-2021,"0,24 zł",51450,735500,0
10-14-2021,"0,23 zł",51803,739776,0
10-15-2021,"0,23 zł",53847,787298,0
10-16-2021,"0,23 zł",61907,817181,0
10-17-2021,"0,23 zł",52154,763733,0
10-18-2021,"0,23 zł",47491,684589,0
10-19-2021,"0,23 zł",49752,696380,0
10-20-2021,"0,24 zł",49207,721991,0
10-21-2021,"0,22 zł",44517,716013,0
10-22-2021,"0,19 zł",71798,794754,0
10-23-2021,"0,20 zł",64714,822157,0
10-24-2021,"0,19 zł",51540,803183,0
10-25-2021,"0,18 zł",54080,713094,0
10-26-2021,"0,18 zł",50209,750923,0
10-27-2021,"0,19 zł",54938,770805,0
10-28-2021,"0,17 zł",56743,749557,0
10-29-2021,"0,17 zł",70099,850162,0
10-30-2021,"0,17 zł",64084,842336,0
10-31-2021,"0,17 zł",65059,799451,0
11-01-2021,"0,17 zł",55611,781083,0
11-02-2021,"0,17 zł",54945,790510,0
11-03-2021,"0,16 zł",61808,810291,0
11-04-2021,"0,17 zł",60206,791542,0
11-05-2021,"0,17 zł",52296,854228,0
11-06-2021,"0,16 zł",59582,796715,0
11-07-2021,"0,17 zł",62748,878192,0
11-08-2021,"0,17 zł",62062,775266,0
11-09-2021,"0,16 zł",61349,763398,0
11-10-2021,"0,15 zł",68016,777281,0
11-11-2021,"0,16 zł",61171,770276,0
11-12-2021,"0,15 zł",57008,857244,0
11-13-2021,"0,15 zł",60456,904117,0
11-14-2021,"0,16 zł",57850,870591,0
11-15-2021,"0,16 zł",49660,761068,0
11-16-2021,"0,15 zł",49789,746214,0
11-17-2021,"0,16 zł",54151,815502,0
11-18-2021,"0,16 zł",51406,811481,0
11-19-2021,"0,15 zł",55763,862191,0
11-20-2021,"0,15 zł",62313,944330,0
11-21-2021,"0,16 zł",58245,880722,0
11-22-2021,"0,16 zł",52910,772757,0
11-23-2021,"0,16 zł",51672,778520,0
11-24-2021,"0,15 zł",58103,787463,0
11-25-2021,"0,16 zł",64855,775470,0
11-26-2021,"0,16 zł",68572,873301,0
11-27-2021,"0,16 zł",65801,941571,0
11-28-2021,"0,17 zł",66775,915791,0
11-29-2021,"0,17 zł",62163,801498,0
11-30-2021,"0,15 zł",82938,812826,0
12-01-2021,"0,16 zł",71645,830006,0
12-02-2021,"0,16 zł",60145,735739,0
12-03-2021,"0,18 zł",74514,876314,0
12-04-2021,"0,17 zł",74131,935232,0
12-05-2021,"0,17 zł",76487,950586,0
12-06-2021,"0,18 zł",56114,802622,0
12-07-2021,"0,17 zł",56049,808506,0
12-08-2021,"0,17 zł",57253,825641,0
12-09-2021,"0,18 zł",52895,810138,0
12-10-2021,"0,19 zł",61937,886487,0
12-11-2021,"0,19 zł",69576,938618,0
12-12-2021,"0,19 zł",64816,887983,0
12-13-2021,"0,18 zł",53830,773226,0
12-14-2021,"0,19 zł",52371,783556,0
12-15-2021,"0,17 zł",57352,731836,0
12-16-2021,"0,17 zł",55462,743366,0
12-17-2021,"0,18 zł",55724,807333,0
12-18-2021,"0,17 zł",58106,905816,0
12-19-2021,"0,17 zł",59545,802709,0
12-20-2021,"0,17 zł",58522,760785,0
12-21-2021,"0,18 zł",58330,801759,0
12-22-2021,"0,17 zł",56338,795569,0
12-23-2021,"0,16 zł",59798,765477,0
12-24-2021,"0,18 zł",73617,842137,0
12-25-2021,"0,20 zł",70761,822397,0
12-26-2021,"0,18 zł",73154,795472,0
12-27-2021,"0,18 zł",70385,782192,0
12-28-2021,"0,18 zł",68281,784752,0
12-29-2021,"0,18 zł",77361,811521,0
12-30-2021,"0,18 zł",79483,804141,0
12-31-2021,"0,20 zł",73665,779880,0
01-01-2022,"0,20 zł",74582,798402,0
01-02-2022,"0,19 zł",68762,867147,0
01-03-2022,"0,19 zł",67573,802899,0
01-04-2022,"0,18 zł",61941,804344,0
01-05-2022,"0,18 zł",70666,803469,0
01-06-2022,"0,19 zł",103711,797182,0
01-07-2022,"0,19 zł",69293,830034,0
01-08-2022,"0,23 zł",78577,869250,0
01-09-2022,"0,23 zł",66579,881051,0
01-10-2022,"0,24 zł",65346,745151,0
01-11-2022,"0,21 zł",56496,783116,0
01-12-2022,"0,22 zł",63296,730785,0
01-13-2022,"0,22 zł",59421,759311,0
01-14-2022,"0,22 zł",81393,819812,0
01-15-2022,"0,21 zł",78484,890445,0
01-16-2022,"0,21 zł",74098,906996,0
01-17-2022,"0,23 zł",67218,792579,0
01-18-2022,"0,21 zł",66152,797267,0
01-19-2022,"0,21 zł",66153,812721,0
01-20-2022,"0,22 zł",69428,825195,0
01-21-2022,"0,23 zł",97215,952320,0
01-22-2022,"0,23 zł",100912,983565,0
01-23-2022,"0,23 zł",94113,992455,0
01-24-2022,"0,22 zł",73589,897652,0
01-25-2022,"0,22 zł",78472,896113,0
01-26-2022,"0,23 zł",79628,899565,0
01-27-2022,"0,22 zł",80880,911275,0
01-28-2022,"0,22 zł",98794,913875,0
01-29-2022,"0,23 zł",99523,958585,0
01-30-2022,"0,23 zł",95761,969791,0
01-31-2022,"0,23 zł",91294,872819,0
02-01-2022,"0,23 zł",87726,867099,0
02-02-2022,"0,23 zł",91801,851602,0
02-03-2022,"0,22 zł",85601,855215,0
02-04-2022,"0,24 zł",85050,892056,0
02-05-2022,"0,24 zł",88312,930346,0
02-06-2022,"0,25 zł",86069,964971,0
02-07-2022,"0,24 zł",72564,892332,0
02-08-2022,"0,22 zł",71990,897336,0
02-09-2022,"0,22 zł",72254,907026,0
02-10-2022,"0,23 zł",73018,912317,0
02-11-2022,"0,22 zł",82762,933423,0
02-12-2022,"0,22 zł",90032,959550,0
02-13-2022,"0,22 zł",78000,989793,0
02-14-2022,"0,22 zł",67541,848698,0
02-15-2022,"0,22 zł",65538,866853,0
02-16-2022,"0,21 zł",65375,860331,0
02-17-2022,"0,22 zł",66504,858437,0
02-18-2022,"0,23 zł",79059,895336,0
02-19-2022,"0,22 zł",82882,979369,0
02-20-2022,"0,23 zł",76528,979085,0
02-21-2022,"0,21 zł",65167,867644,0
02-22-2022,"0,21 zł",66611,886195,0
02-23-2022,"0,22 zł",69372,898714,0
02-24-2022,"0,22 zł",70085,840791,0
02-25-2022,"0,23 zł",71011,904216,0
02-26-2022,"0,23 zł",80501,982577,0
02-27-2022,"0,22 zł",77286,997730,0
02-28-2022,"0,23 zł",100144,870951,0
03-01-2022,"0,22 zł",133673,878083,0
03-02-2022,"0,24 zł",94435,865411,0
03-03-2022,"0,23 zł",86865,833370,0
03-04-2022,"0,24 zł",96075,921636,0
03-05-2022,"0,26 zł",98882,992082,0
03-06-2022,"0,25 zł",94494,963573,0
03-07-2022,"0,25 zł",90310,846631,0
03-08-2022,"0,23 zł",109629,852533,0
03-09-2022,"0,25 zł",85601,823266,0
03-10-2022,"0,26 zł",86561,837396,0
03-11-2022,"0,27 zł",74759,933990,0
03-12-2022,"0,25 zł",82391,993808,0
03-13-2022,"0,25 zł",83488,970574,0
03-14-2022,"0,26 zł",74308,837287,0
03-15-2022,"0,25 zł",75603,833236,0
03-16-2022,"0,26 zł",78604,819213,0
03-17-2022,"0,26 zł",80697,865219,0
03-18-2022,"0,29 zł",86525,929397,0
03-19-2022,"0,28 zł",96723,992661,0
03-20-2022,"0,27 zł",96269,961741,0
03-21-2022,"0,31 zł",94235,859106,0
03-22-2022,"0,34 zł",142142,862378,0
03-23-2022,"0,42 zł",153902,861039,0
03-24-2022,"0,43 zł",93197,867249,0
03-25-2022,"0,39 zł",85277,930974,0
03-26-2022,"0,38 zł",86536,988497,0
03-27-2022,"0,37 zł",89418,974648,0
03-28-2022,"0,35 zł",74149,860604,0
03-29-2022,"0,34 zł",79959,845448,0
03-30-2022,"0,34 zł",73530,834647,0
03-31-2022,"0,38 zł",78888,857775,0
04-01-2022,"0,40 zł",79953,907091,0
04-02-2022,"0,40 zł",91974,988925,0
04-03-2022,"0,39 zł",95696,1016762,0
04-04-2022,"0,39 zł",74015,889897,0
04-05-2022,"0,40 zł",84883,837758,0
04-06-2022,"0,44 zł",85604,831510,0
04-07-2022,"0,46 zł",87510,823134,0
04-08-2022,"0,49 zł",93590,890740,0
04-09-2022,"0,48 zł",108129,953968,0
04-10-2022,"0,51 zł",97927,944287,0
04-11-2022,"0,50 zł",87351,831263,0
04-12-2022,"0,48 zł",77100,863370,0
04-13-2022,"0,47 zł",72781,851853,0
04-14-2022,"0,45 zł",81316,852106,0
04-15-2022,"0,45 zł",90733,949209,0
04-16-2022,"0,46 zł",88258,914970,0
04-17-2022,"0,46 zł",81202,910203,0
04-18-2022,"0,46 zł",73306,850323,0
04-19-2022,"0,45 zł",67113,822907,0
04-20-2022,"0,46 zł",66786,839444,0
04-21-2022,"0,45 zł",70940,836345,0
04-22-2022,"0,45 zł",81017,891414,0
04-23-2022,"0,43 zł",87044,904636,0
04-24-2022,"0,46 zł",93986,896548,0
04-25-2022,"0,45 zł",69146,844499,0
04-26-2022,"0,45 zł",77604,800360,0
04-27-2022,"0,45 zł",70355,829757,0
04-28-2022,"0,46 zł",75383,842477,0
04-29-2022,"0,46 zł",80869,867334,0
04-30-2022,"0,47 zł",87553,902768,0
05-01-2022,"0,46 zł",86980,896132,0
05-02-2022,"0,46 zł",84394,864464,0
05-03-2022,"0,45 zł",78462,876108,0
05-04-2022,"0,41 zł",117763,820351,0
05-05-2022,"0,40 zł",78667,816955,0
05-06-2022,"0,41 zł",85721,814973,0
05-07-2022,"0,41 zł",77531,903568,0
05-08-2022,"0,40 zł",81841,884024,0
05-09-2022,"0,40 zł",67975,815555,0
05-10-2022,"0,38 zł",67726,814410,0
05-11-2022,"0,38 zł",76567,807177,0
05-12-2022,"0,38 zł",70268,801251,0
05-13-2022,"0,38 zł",75839,826123,0
05-14-2022,"0,38 zł",79287,817740,0
05-15-2022,"0,39 zł",82256,833411,0
05-16-2022,"0,37 zł",62700,786069,0
05-17-2022,"0,38 zł",68401,799740,0
05-18-2022,"0,38 zł",75533,832306,0
05-19-2022,"0,38 zł",72760,835022,0
05-20-2022,"0,41 zł",75683,815825,0
05-21-2022,"0,40 zł",78986,875790,0
05-22-2022,"0,39 zł",80675,875257,0
05-23-2022,"0,39 zł",70729,833705,0
05-24-2022,"0,38 zł",69107,799406,0
05-25-2022,"0,39 zł",74556,823253,0
05-26-2022,"0,39 zł",75477,858965,0
05-27-2022,"0,39 zł",78029,914368,0
05-28-2022,"0,39 zł",79468,932681,0
05-29-2022,"0,39 zł",87359,886821,0
05-30-2022,"0,40 zł",71210,823790,0
05-31-2022,"0,40 zł",73971,835938,0
06-01-2022,"0,42 zł",82272,809755,0
06-02-2022,"0,42 zł",78204,857481,0
06-03-2022,"0,43 zł",114847,844840,0
06-04-2022,"0,42 zł",103239,873635,0
06-05-2022,"0,41 zł",97863,884564,0
06-06-2022,"0,42 zł",89361,854341,0
06-07-2022,"0,42 zł",76934,836077,0
06-08-2022,"0,41 zł",71048,830607,0
06-09-2022,"0,43 zł",81066,812338,0
06-10-2022,"0,43 zł",88266,878625,0
06-11-2022,"0,41 zł",80272,902934,0
06-12-2022,"0,40 zł",76244,887863,0
06-13-2022,"0,42 zł",87349,840048,0
06-14-2022,"0,39 zł",71666,830677,0
06-15-2022,"0,38 zł",70672,787131,0
06-16-2022,"0,38 zł",81993,815691,0
06-17-2022,"0,38 zł",76702,874841,0
06-18-2022,"0,38 zł",75651,888644,0
06-19-2022,"0,37 zł",76549,906968,0
06-20-2022,"0,36 zł",75767,872130,0
06-21-2022,"0,36 zł",74173,868270,0
06-22-2022,"0,35 zł",70623,860313,0
06-23-2022,"0,34 zł",69536,820734,0
06-24-2022,"0,33 zł",77248,818548,0
06-25-2022,"0,33 zł",79582,833198,0
06-26-2022,"0,32 zł",75186,855647,0
06-27-2022,"0,32 zł",84960,817909,0
06-28-2022,"0,31 zł",70658,812268,0
06-29-2022,"0,31 zł",72626,798738,0
06-30-2022,"0,30 zł",68560,808462,0
07-01-2022,"0,33 zł",83938,821872,0
07-02-2022,"0,33 zł",102938,901496,0
07-03-2022,"0,33 zł",85455,881860,0
07-04-2022,"0,33 zł",84381,841259,0
07-05-2022,"0,33 zł",96633,829798,0
07-06-2022,"0,31 zł",91134,842990,0
07-07-2022,"0,34 zł",85731,839525,0
07-08-2022,"0,35 zł",81613,829474,0
07-09-2022,"0,36 zł",97141,841238,0
07-10-2022,"0,36 zł",91694,864271,0
07-11-2022,"0,35 zł",85720,845782,0
07-12-2022,"0,37 zł",92169,848298,0
07-13-2022,"0,39 zł",81247,831308,0
07-14-2022,"0,39 zł",84722,838217,0
07-15-2022,"0,40 zł",103823,824655,0
07-16-2022,"0,42 zł",89195,825424,0
07-17-2022,"0,42 zł",89236,881284,0
07-18-2022,"0,43 zł",86587,876251,0
07-19-2022,"0,43 zł",89389,874214,0
07-20-2022,"0,44 zł",77754,857109,0
07-21-2022,"0,43 zł",93151,864113,0
07-22-2022,"0,43 zł",85230,896012,0
07-23-2022,"0,44 zł",90795,877675,0
07-24-2022,"0,45 zł",101100,895357,0
07-25-2022,"0,46 zł",106158,885085,0
07-26-2022,"0,48 zł",100908,887220,0
07-27-2022,"0,49 zł",100863,886328,0
07-28-2022,"0,53 zł",125570,900249,0
07-29-2022,"0,60 zł",113318,891072,0
07-30-2022,"0,63 zł",108099,894774,0
07-31-2022,"0,59 zł",101909,928329,0
08-01-2022,"0,58 zł",89183,889822,0
08-02-2022,"0,57 zł",96093,927907,0
08-03-2022,"0,58 zł",95134,906948,0
08-04-2022,"0,58 zł",89473,881757,0
08-05-2022,"0,59 zł",100595,910838,0
08-06-2022,"0,60 zł",98989,904151,0
08-07-2022,"0,59 zł",111811,936670,0
08-08-2022,"0,63 zł",104480,919166,0
08-09-2022,"0,64 zł",59231,713107,0
08-10-2022,"0,63 zł",99407,882486,0
08-11-2022,"0,63 zł",90339,886021,0
08-12-2022,"0,64 zł",91007,884195,0
08-13-2022,"0,65 zł",91497,895423,0
08-14-2022,"0,65 zł",100731,925109,0
08-15-2022,"0,63 zł",87001,909721,0
08-16-2022,"0,61 zł",86591,936431,0
08-17-2022,"0,57 zł",105269,1039889,0
08-18-2022,"0,56 zł",89851,987884,0
08-19-2022,"0,56 zł",96669,976632,0
08-20-2022,"0,57 zł",93119,999043,0
08-21-2022,"0,58 zł",92088,1010603,0
08-22-2022,"0,57 zł",83342,986054,0
08-23-2022,"0,57 zł",81672,991521,0
08-24-2022,"0,57 zł",83912,964145,0
08-25-2022,"0,57 zł",93213,958536,0
08-26-2022,"0,59 zł",86954,947881,0
08-27-2022,"0,59 zł",85679,966390,0
08-28-2022,"0,60 zł",92105,1025980,0
08-29-2022,"0,59 zł",84517,1013093,0
08-30-2022,"0,59 zł",85317,993654,0
08-31-2022,"0,59 zł",91423,980503,0
09-01-2022,"0,57 zł",83676,960712,0
09-02-2022,"0,57 zł",99116,993276,0
09-03-2022,"0,59 zł",96189,1029453,0
09-04-2022,"0,64 zł",177262,1035897,0
09-05-2022,"0,73 zł",126871,950916,0
09-06-2022,"0,74 zł",109405,941706,0
09-07-2022,"0,77 zł",118968,939398,0
09-08-2022,"0,85 zł",116254,938845,0
09-09-2022,"0,82 zł",102473,1016382,0
09-10-2022,"0,76 zł",106055,1029224,0
09-11-2022,"0,74 zł",106125,1062931,0
09-12-2022,"0,70 zł",85429,943540,0
09-13-2022,"0,71 zł",77109,932805,0
09-14-2022,"0,74 zł",106237,941634,0
09-15-2022,"0,77 zł",95512,948562,0
09-16-2022,"0,75 zł",93517,1030797,0
09-17-2022,"0,75 zł",104010,1103223,0
09-18-2022,"0,72 zł",93866,1077583,0
09-19-2022,"0,70 zł",78416,967100,0
09-20-2022,"0,70 zł",81466,938549,0
09-21-2022,"0,69 zł",78644,937102,0
09-22-2022,"0,67 zł",77761,933443,0
09-23-2022,"0,68 zł",82906,997564,0
09-24-2022,"0,70 zł",102077,1066689,0
09-25-2022,"0,71 zł",93794,1029255,0
09-26-2022,"0,71 zł",78053,921864,0
09-27-2022,"0,71 zł",72035,925270,0
09-28-2022,"0,69 zł",76663,909753,0
09-29-2022,"0,69 zł",75394,921840,0
09-30-2022,"0,70 zł",89707,993507,0
10-01-2022,"0,69 zł",95925,1024497,0
10-02-2022,"0,68 zł",94999,1049806,0
10-03-2022,"0,69 zł",83520,975115,0
10-04-2022,"0,68 zł",74295,956481,0
10-05-2022,"0,68 zł",72687,966040,0
10-06-2022,"0,67 zł",66298,947347,0
10-07-2022,"0,66 zł",77580,954774,0
10-08-2022,"0,66 zł",79510,989650,0
10-09-2022,"0,66 zł",82354,1007712,0
10-10-2022,"0,67 zł",76102,921957,0
10-11-2022,"0,67 zł",70732,918764,0
10-12-2022,"0,65 zł",66160,910096,0
10-13-2022,"0,64 zł",82997,915953,0
10-14-2022,"0,63 zł",59595,996018,0
10-15-2022,"0,63 zł",93947,1035036,0
10-16-2022,"0,62 zł",76966,998179,0
10-17-2022,"0,63 zł",73074,921393,0
10-18-2022,"0,62 zł",63193,920633,0
10-19-2022,"0,61 zł",62523,935161,0
10-20-2022,"0,61 zł",64975,949319,0
10-21-2022,"0,61 zł",79989,1017700,0
10-22-2022,"0,58 zł",108529,1090858,0
10-23-2022,"0,58 zł",92678,1050184,0
10-24-2022,"0,56 zł",70945,956805,0
10-25-2022,"0,58 zł",71462,951850,0
10-26-2022,"0,56 zł",70100,944075,0
10-27-2022,"0,55 zł",73424,974044,0
10-28-2022,"0,55 zł",74263,1027004,0
10-29-2022,"0,54 zł",86347,1036937,0
10-30-2022,"0,54 zł",87163,1020617,0
10-31-2022,"0,54 zł",74624,922970,0
11-01-2022,"0,54 zł",69149,942968,0
11-02-2022,"0,54 zł",71380,932946,0
11-03-2022,"0,55 zł",68976,945721,0
11-04-2022,"0,56 zł",77953,1045002,0
11-05-2022,"0,58 zł",83967,1076999,0
11-06-2022,"0,59 zł",79421,1051449,0
11-07-2022,"0,58 zł",66003,930818,0
11-08-2022,"0,57 zł",65431,949775,0
11-09-2022,"0,57 zł",66249,956606,0
11-10-2022,"0,57 zł",72442,948412,0
11-11-2022,"0,59 zł",76336,1040817,0
11-12-2022,"0,59 zł",81578,1105409,0
11-13-2022,"0,58 zł",83020,1103567,0
11-14-2022,"0,58 zł",69769,962564,0
11-15-2022,"0,57 zł",69737,980062,0
11-16-2022,"0,54 zł",65851,948658,0
11-17-2022,"0,55 zł",68257,959421,0
11-18-2022,"0,54 zł",75938,1045988,0
11-19-2022,"0,53 zł",94532,1132952,0
11-20-2022,"0,53 zł",80394,1079232,0
11-21-2022,"0,60 zł",126967,881434,0
11-22-2022,"0,71 zł",171529,956040,0
11-23-2022,"0,71 zł",111943,853328,0
11-24-2022,"0,60 zł",82841,861593,0
11-25-2022,"0,57 zł",82872,981008,0
11-26-2022,"0,59 zł",92058,1053250,0
11-27-2022,"0,58 zł",88743,1041487,0
11-28-2022,"0,57 zł",75389,925029,0
11-29-2022,"0,57 zł",70287,936314,0
11-30-2022,"0,59 zł",68632,930612,0
12-01-2022,"0,59 zł",66138,912225,0
12-02-2022,"0,61 zł",70562,992543,0
12-03-2022,"0,62 zł",81605,1067327,0
12-04-2022,"0,62 zł",81027,1050857,0
12-05-2022,"0,64 zł",74034,921228,0
12-06-2022,"0,65 zł",70314,729765,0
12-07-2022,"0,68 zł",81738,919652,0
12-08-2022,"0,65 zł",68012,894986,0
12-09-2022,"0,66 zł",69056,938776,0
12-10-2022,"0,66 zł",84724,1001231,0
12-11-2022,"0,64 zł",78477,972857,0
12-12-2022,"0,64 zł",65031,856206,0
12-13-2022,"0,63 zł",68489,852245,0
12-14-2022,"0,63 zł",76217,857848,0
12-15-2022,"0,63 zł",69335,865205,0
12-16-2022,"0,63 zł",77651,916129,0
12-17-2022,"0,63 zł",82321,970767,0
12-18-2022,"0,62 zł",79245,996584,0
12-19-2022,"0,62 zł",72075,870627,0
12-20-2022,"0,63 zł",71551,879829,0
12-21-2022,"0,63 zł",71814,900135,0
12-22-2022,"0,63 zł",83571,923641,0
12-23-2022,"0,62 zł",107017,952527,0
12-24-2022,"0,64 zł",104673,980649,0
12-25-2022,"0,64 zł",101904,961107,0
12-26-2022,"0,65 zł",92294,935407,0
12-27-2022,"0,65 zł",95234,932387,0
12-28-2022,"0,67 zł",89313,973174,0
12-29-2022,"0,68 zł",94915,979704,0
12-30-2022,"0,67 zł",92287,1011922,0
12-31-2022,"0,70 zł",94989,950459,0
01-01-2023,"0,71 zł",85856,969910,0
01-02-2023,"0,68 zł",91122,997255,0
01-03-2023,"0,68 zł",85601,998290,0
01-04-2023,"0,67 zł",88145,1018520,0
01-05-2023,"0,67 zł",85772,1000680,0
01-06-2023,"0,69 zł",89784,1066254,0
01-07-2023,"0,72 zł",105894,1088544,0
01-08-2023,"0,69 zł",85125,1133708,0
01-09-2023,"0,67 zł",74435,1049338,0
01-10-2023,"0,69 zł",79811,1089371,0
01-11-2023,"0,72 zł",81357,1050932,0
01-12-2023,"0,73 zł",79045,994121,0
01-13-2023,"0,76 zł",95316,1026134,0
01-14-2023,"0,74 zł",83923,1084042,0
01-15-2023,"0,74 zł",94657,1125630,0
01-16-2023,"0,76 zł",76451,949073,0
01-17-2023,"0,76 zł",74593,996052,0
01-18-2023,"0,76 zł",79235,974806,0
01-19-2023,"0,75 zł",74989,988367,0
01-20-2023,"0,74 zł",81692,997149,0
01-21-2023,"0,75 zł",99291,1005266,0
01-22-2023,"0,76 zł",98844,1090554,0
01-23-2023,"0,75 zł",80952,970396,0
01-24-2023,"0,74 zł",77080,998693,0
01-25-2023,"0,76 zł",84540,1002360,0
01-26-2023,"0,76 zł",81652,1033959,0
01-27-2023,"0,76 zł",90393,1072984,0
01-28-2023,"0,76 zł",96209,1150643,0
01-29-2023,"0,76 zł",96736,1200077,0
01-30-2023,"0,76 zł",83217,1074059,0
01-31-2023,"0,77 zł",90917,1091825,0
02-01-2023,"0,78 zł",85122,1070455,0
02-02-2023,"0,78 zł",88567,1115945,0
02-03-2023,"0,81 zł",95211,1123605,0
02-04-2023,"0,82 zł",121055,1218863,0
02-05-2023,"0,83 zł",107245,1250740,0
02-06-2023,"0,83 zł",85670,1101798,0
02-07-2023,"0,82 zł",89596,1090329,0
02-08-2023,"0,83 zł",95860,1103009,0
02-09-2023,"0,83 zł",83231,1101682,0
02-10-2023,"0,79 zł",170838,1275074,0
02-11-2023,"0,78 zł",148859,1320219,0
02-12-2023,"0,78 zł",137956,1299983,0
02-13-2023,"0,79 zł",117769,1170750,0
02-14-2023,"0,80 zł",123107,1120722,0
02-15-2023,"0,82 zł",124217,1162649,0
02-16-2023,"0,86 zł",136319,1167926,0
02-17-2023,"0,89 zł",151745,1237913,0
02-18-2023,"0,94 zł",167881,1316929,0
02-19-2023,"0,93 zł",149763,1324800,0
02-20-2023,"0,94 zł",120047,1200370,0
02-21-2023,"0,92 zł",116241,1222001,0
02-22-2023,"0,92 zł",116881,1237108,0
02-23-2023,"0,91 zł",116638,1255789,0
02-24-2023,"0,92 zł",134714,1295397,0
02-25-2023,"0,98 zł",149645,1349390,0
02-26-2023,"1,03 zł",115294,1355797,0
02-27-2023,"1,03 zł",115294,1189343,0
02-28-2023,"1,05 zł",121792,1218697,0
03-01-2023,"1,08 zł",121749,1211398,0
03-02-2023,"1,17 zł",188028,1219977,0
03-03-2023,"1,28 zł",170420,1279192,0
03-04-2023,"1,23 zł",150282,1365274,0
03-05-2023,"1,15 zł",146357,1378447,0
03-06-2023,"1,17 zł",123730,1216801,0
03-07-2023,"1,22 zł",124799,1246598,0
03-08-2023,"1,24 zł",126482,1251723,0
03-09-2023,"1,33 zł",137978,1272100,0
03-10-2023,"1,41 zł",138664,1342214,0
03-11-2023,"1,45 zł",150113,1420183,0
03-12-2023,"1,44 zł",154830,1410348,0
03-13-2023,"1,48 zł",133078,1255606,0
03-14-2023,"1,57 zł",141747,1256684,0
03-15-2023,"1,65 zł",144846,1254108,0
03-16-2023,"1,80 zł",178641,1277046,0
03-17-2023,"1,70 zł",180679,1326562,0
03-18-2023,"1,56 zł",160858,1379598,0
03-19-2023,"1,51 zł",163939,1363586,0
03-20-2023,"1,48 zł",141207,1250196,0
03-21-2023,"1,44 zł",127629,1255930,0
03-22-2023,"1,54 zł",215674,1288691,1
03-23-2023,"1,71 zł",185188,1404115,0
03-24-2023,"1,75 zł",189117,1415826,0
03-25-2023,"1,90 zł",219502,1507212,0
03-26-2023,"2,04 zł",235279,1519457,0
03-27-2023,"2,30 zł",219636,1362176,0
03-28-2023,"2,40 zł",192249,1402070,0
03-29-2023,"2,31 zł",178401,1347642,0
03-30-2023,"2,41 zł",151415,1375866,0
03-31-2023,"2,81 zł",177220,1427632,0
04-01-2023,"2,98 zł",216691,1476961,0
04-02-2023,"2,99 zł",212105,1511946,0
04-03-2023,"2,85 zł",192941,1397017,0
04-04-2023,"2,82 zł",185256,1449552,0
04-05-2023,"2,88 zł",173641,1381271,0
04-06-2023,"2,95 zł",189437,1419084,0
04-07-2023,"3,16 zł",181601,1459519,0
04-08-2023,"3,44 zł",195104,1448795,0
04-09-2023,"3,56 zł",211303,1393830,0
04-10-2023,"3,64 zł",187669,1411321,0
04-11-2023,"3,56 zł",170185,1369609,0
04-12-2023,"3,45 zł",169146,1365336,0
04-13-2023,"3,46 zł",169359,1369354,0
04-14-2023,"3,70 zł",185571,1491992,0
04-15-2023,"4,16 zł",180475,1514410,0
04-16-2023,"4,64 zł",171970,1487327,0
04-17-2023,"4,66 zł",185763,1379517,0
04-18-2023,"4,95 zł",171679,1392057,0
04-19-2023,"4,75 zł",147892,1409711,0
04-20-2023,"4,20 zł",229988,1400005,0
04-21-2023,"4,06 zł",203794,1457137,0
04-22-2023,"3,96 zł",198316,1447888,0
04-23-2023,"3,36 zł",233150,1492061,0
04-24-2023,"3,19 zł",187505,1397249,0
04-25-2023,"2,83 zł",224031,1458950,0
04-26-2023,"2,52 zł",184238,1375872,0
04-27-2023,"3,07 zł",169343,1365255,0
04-28-2023,"3,40 zł",175353,1351441,0
04-29-2023,"3,38 zł",179972,1337968,0
04-30-2023,"3,32 zł",163922,1438597,0
05-01-2023,"3,05 zł",153520,1456155,0
05-02-2023,"2,95 zł",141447,1364238,0
05-03-2023,"3,01 zł",151137,1463272,0
05-04-2023,"3,11 zł",140120,1486111,0
05-05-2023,"2,76 zł",205530,1557335,0
05-06-2023,"2,83 zł",181910,1818773,0
05-07-2023,"2,67 zł",168174,1804106,0
05-08-2023,"2,40 zł",160660,1756413,0
05-09-2023,"2,43 zł",141783,1739486,0
05-10-2023,"2,56 zł",141578,1739961,0
05-11-2023,"2,64 zł",135829,1736895,0
05-12-2023,"2,66 zł",155016,1785902,0
05-13-2023,"2,73 zł",156101,1759286,0
05-14-2023,"2,66 zł",147877,1755997,0
05-15-2023,"2,63 zł",126387,1653050,0
05-16-2023,"2,60 zł",125381,1718018,0
05-17-2023,"2,59 zł",133641,1729209,0
05-18-2023,"2,59 zł",137259,1647193,0
05-19-2023,"2,56 zł",138082,1710424,0
05-20-2023,"2,54 zł",148954,1670185,0
05-21-2023,"2,52 zł",151098,1721980,0
05-22-2023,"2,47 zł",131886,1686119,0
05-23-2023,"2,41 zł",131223,1725850,0
05-24-2023,"2,40 zł",132935,1681693,0
05-25-2023,"2,52 zł",136554,1451829,0
05-26-2023,"2,63 zł",158010,1477893,0
05-27-2023,"2,65 zł",151739,1473425,0
05-28-2023,"2,67 zł",142238,1450426,0
05-29-2023,"2,68 zł",135226,1462950,0
05-30-2023,"2,68 zł",121263,1419313,0
05-31-2023,"2,70 zł",133047,1401031,0
06-01-2023,"2,78 zł",134985,1343329,0
06-02-2023,"2,83 zł",143924,1467207,0
06-03-2023,"2,90 zł",138655,1463722,0
06-04-2023,"2,91 zł",131573,1610423,0
06-05-2023,"2,87 zł",116066,1494648,0
06-06-2023,"2,83 zł",119152,1541716,0
06-07-2023,"2,80 zł",123860,1564875,0
06-08-2023,"2,81 zł",124176,1661663,0
06-09-2023,"2,85 zł",140709,1673717,0
06-10-2023,"3,25 zł",218712,1616238,0
06-11-2023,"3,18 zł",121578,1565127,0
06-12-2023,"3,13 zł",104283,1541543,0
06-13-2023,"3,28 zł",95245,1457653,0
06-14-2023,"3,13 zł",126523,1452362,0
06-15-2023,"3,08 zł",116002,1488731,0
06-16-2023,"3,12 zł",104285,1527247,0
06-17-2023,"3,20 zł",108164,1550615,0
06-18-2023,"3,18 zł",97897,1529825,0
06-19-2023,"3,12 zł",90228,1449803,0
06-20-2023,"3,10 zł",82025,1442260,0
06-21-2023,"2,88 zł",117609,1516475,0
06-22-2023,"2,78 zł",105598,1470109,0
06-23-2023,"2,65 zł",130330,1434072,0
06-24-2023,"2,73 zł",108109,1448228,0
06-25-2023,"2,78 zł",92266,1445136,0
06-26-2023,"2,78 zł",85378,1401751,0
06-27-2023,"2,80 zł",81852,1453177,0
06-28-2023,"2,66 zł",127480,1175525,0
06-29-2023,"2,53 zł",121660,1160720,0
06-30-2023,"2,42 zł",123324,1218748,0
07-01-2023,"2,46 zł",108986,1229115,0
07-02-2023,"2,45 zł",103402,1226527,0
07-03-2023,"2,46 zł",90314,1183652,0
07-04-2023,"2,59 zł",95394,1170509,0
07-05-2023,"2,55 zł",132005,1182637,0
07-06-2023,"2,48 zł",108261,1166169,0
07-07-2023,"2,48 zł",105724,1180836,0
07-08-2023,"2,53 zł",103226,1190186,0
07-09-2023,"2,49 zł",90457,1160572,0
07-10-2023,"2,49 zł",80885,1116339,0
07-11-2023,"2,53 zł",77175,1145971,0
07-12-2023,"2,42 zł",121694,1109865,0
07-13-2023,"2,39 zł",103579,1079556,0
07-14-2023,"2,55 zł",94391,1083053,0
07-15-2023,"2,71 zł",94348,1154497,0
07-16-2023,"2,73 zł",86767,1179205,0
07-17-2023,"2,76 zł",77000,1143639,0
07-18-2023,"2,78 zł",75518,1143205,0
07-19-2023,"2,57 zł",117352,1147030,0
07-20-2023,"2,49 zł",95284,1092158,0
07-21-2023,"2,60 zł",88931,1180188,0
07-22-2023,"2,75 zł",97877,1180493,0
07-23-2023,"2,76 zł",92833,1200792,0
07-24-2023,"2,77 zł",79342,1152959,0
07-25-2023,"2,77 zł",85070,1164352,0
07-26-2023,"2,60 zł",119413,1155810,0
07-27-2023,"2,59 zł",101156,1142685,0
07-28-2023,"2,65 zł",97377,1175999,0
07-29-2023,"2,71 zł",98296,1175966,0
07-30-2023,"2,73 zł",92960,1198103,0
07-31-2023,"2,79 zł",88217,1143291,0
08-01-2023,"2,82 zł",80371,1152051,0
08-02-2023,"2,64 zł",117142,1161160,0
08-03-2023,"2,60 zł",99592,1194185,0
08-04-2023,"2,63 zł",93183,1164780,0
08-05-2023,"2,67 zł",94130,1174119,0
08-06-2023,"2,62 zł",87822,1217170,0
08-07-2023,"2,61 zł",81352,1203266,0
08-08-2023,"2,57 zł",74518,1212073,0
08-09-2023,"2,43 zł",113486,1175387,0
08-10-2023,"2,35 zł",95085,1183550,0
08-11-2023,"2,42 zł",91723,1168883,0
08-12-2023,"2,49 zł",87499,1219495,0
08-13-2023,"2,51 zł",84474,1258559,0
08-14-2023,"2,51 zł",74404,1210922,0
08-15-2023,"2,51 zł",71959,1199404,0
08-16-2023,"2,38 zł",111446,1203324,0
08-17-2023,"2,39 zł",97093,1275682,0
08-18-2023,"2,47 zł",96309,1196966,0
08-19-2023,"2,53 zł",95186,1256687,0
08-20-2023,"2,55 zł",86511,1253677,0
08-21-2023,"2,55 zł",73347,1210335,0
08-22-2023,"2,50 zł",63973,1210960,0
08-23-2023,"2,31 zł",109390,1235378,0
08-24-2023,"2,31 zł",96142,1292907,0
08-25-2023,"2,42 zł",88285,1293495,0
08-26-2023,"2,48 zł",89584,1297365,0
08-27-2023,"2,47 zł",81083,1369511,0
08-28-2023,"2,49 zł",70836,1264878,0
08-29-2023,"2,49 zł",73407,1251061,0
08-30-2023,"2,37 zł",118160,1333931,0
08-31-2023,"2,37 zł",103064,1256209,0
09-01-2023,"2,46 zł",99524,1539504,0
09-02-2023,"2,50 zł",109455,1560435,0
09-03-2023,"2,56 zł",98553,1520172,0
09-04-2023,"2,55 zł",89763,1435725,0
09-05-2023,"2,53 zł",76562,1397954,0
09-06-2023,"2,38 zł",126358,1466865,0
09-07-2023,"2,38 zł",113705,1422726,0
09-08-2023,"2,47 zł",106888,1423571,0
09-09-2023,"2,51 zł",110587,1451390,0
09-10-2023,"2,51 zł",100566,1445675,0
09-11-2023,"2,52 zł",80913,1314021,0
09-12-2023,"2,54 zł",75986,1295198,0
09-13-2023,"2,43 zł",125151,1289042,0
09-14-2023,"2,44 zł",108750,1332642,0
09-15-2023,"2,48 zł",105179,1292697,0
09-16-2023,"2,51 zł",109751,1390726,0
09-17-2023,"2,53 zł",102132,1371281,0
09-18-2023,"2,53 zł",79367,1297256,0
09-19-2023,"2,53 zł",74339,1279756,0
09-20-2023,"2,40 zł",112823,1323625,0
09-21-2023,"2,43 zł",99055,1289306,0
09-22-2023,"2,50 zł",97877,1361977,0
09-23-2023,"2,53 zł",97867,1410713,0
09-24-2023,"2,54 zł",89811,1361281,0
09-25-2023,"2,55 zł",79904,1285148,0
09-26-2023,"2,62 zł",76301,1257138,0
09-27-2023,"2,59 zł",187709,1265615,1
09-28-2023,"2,75 zł",251992,1471730,0
09-29-2023,"2,88 zł",214121,1316293,0
09-30-2023,"2,91 zł",208898,1343011,0
10-01-2023,"3,03 zł",190360,1364939,0
10-02-2023,"3,18 zł",161042,1192249,0
10-03-2023,"3,23 zł",150323,1172696,0
10-04-2023,"2,97 zł",186192,1184759,0
10-05-2023,"2,95 zł",167084,1213265,0
10-06-2023,"3,12 zł",177675,1269893,0
10-07-2023,"3,23 zł",190445,1367458,0
10-08-2023,"3,26 zł",162999,1392488,0
10-09-2023,"3,32 zł",142887,1223144,0
10-10-2023,"3,32 zł",136816,1187497,0
10-11-2023,"3,13 zł",176524,1237516,0
10-12-2023,"3,19 zł",153313,1307637,0
10-13-2023,"3,32 zł",167864,1197785,0
10-14-2023,"3,43 zł",168773,1277728,0
10-15-2023,"3,50 zł",147727,1239472,0
10-16-2023,"3,54 zł",124246,1139418,0
10-17-2023,"3,55 zł",120621,1135102,0
10-18-2023,"3,34 zł",166500,1140349,0
10-19-2023,"3,31 zł",138785,1131833,0
10-20-2023,"3,40 zł",141128,1149045,0
10-21-2023,"3,43 zł",147746,1231067,0
10-22-2023,"3,44 zł",130250,1233070,0
10-23-2023,"3,42 zł",104664,1081987,0
10-24-2023,"3,38 zł",100406,1090661,0
10-25-2023,"3,16 zł",151495,1122355,0
10-26-2023,"3,09 zł",131127,1108860,0
10-27-2023,"3,11 zł",133737,1176034,0
10-28-2023,"3,15 zł",127386,1185158,0
10-29-2023,"3,08 zł",113109,1167615,0
10-30-2023,"3,09 zł",95932,1070271,0
10-31-2023,"3,13 zł",99510,1083905,0
11-01-2023,"2,97 zł",144000,1145239,0
11-02-2023,"2,90 zł",119658,1115470,0
11-03-2023,"2,96 zł",111486,1121269,0
11-04-2023,"3,03 zł",108381,1155396,0
11-05-2023,"3,04 zł",96228,1163388,0
11-06-2023,"3,04 zł",74594,1088579,0
11-07-2023,"3,07 zł",73836,1061133,0
11-08-2023,"2,89 zł",118380,1090264,0
11-09-2023,"2,88 zł",101331,1100060,0
11-10-2023,"2,89 zł",100519,1092487,0
11-11-2023,"2,82 zł",102802,1114019,0
11-12-2023,"2,75 zł",88036,1116644,0
11-13-2023,"2,70 zł",72038,994907,0
11-14-2023,"2,55 zł",80203,1008193,0
11-15-2023,"2,29 zł",144604,1043494,0
11-16-2023,"2,22 zł",101407,1025004,0
11-17-2023,"2,32 zł",91762,1043274,0
11-18-2023,"2,33 zł",96331,1119291,0
11-19-2023,"2,30 zł",84467,1132853,0
11-20-2023,"2,29 zł",66007,1026453,0
11-21-2023,"2,29 zł",69887,1007683,0
11-22-2023,"2,16 zł",138652,1063084,0
11-23-2023,"2,12 zł",111720,1040369,0
11-24-2023,"2,14 zł",108708,1047992,0
11-25-2023,"2,18 zł",101870,1105882,0
11-26-2023,"2,24 zł",99798,1117998,0
11-27-2023,"2,21 zł",72229,1019260,0
11-28-2023,"2,26 zł",71358,1040602,0
11-29-2023,"2,34 zł",102909,1096170,0
11-30-2023,"2,40 zł",87627,1115011,0
12-01-2023,"2,50 zł",89769,1140158,0
12-02-2023,"2,59 zł",93981,1216605,0
12-03-2023,"2,75 zł",84161,1204982,0
12-04-2023,"2,76 zł",64641,1084687,0
12-05-2023,"2,74 zł",64528,1100896,0
12-06-2023,"2,59 zł",108090,1144691,0
12-07-2023,"2,51 zł",85742,1157934,0
12-08-2023,"2,55 zł",86119,1171636,0
12-09-2023,"2,57 zł",84424,1209268,0
12-10-2023,"2,57 zł",72538,1177137,0
12-11-2023,"2,61 zł",62014,1078130,0
12-12-2023,"2,67 zł",63255,1079191,0
12-13-2023,"2,60 zł",95504,1097253,0
12-14-2023,"2,45 zł",84796,1072494,0
12-15-2023,"2,47 zł",83720,1113135,0
12-16-2023,"2,47 zł",84503,1154194,0
12-17-2023,"2,50 zł",90355,1131621,0
12-18-2023,"2,46 zł",60471,1062354,0
12-19-2023,"2,44 zł",57599,1063384,0
12-20-2023,"2,30 zł",102859,1125401,0
12-21-2023,"2,22 zł",83569,1139270,0
12-22-2023,"2,21 zł",93612,1178990,0
12-23-2023,"2,23 zł",90193,1209675,0
12-24-2023,"2,21 zł",81060,1130663,0
12-25-2023,"2,24 zł",74721,1162508,0
12-26-2023,"2,28 zł",76518,1096332,0
12-27-2023,"2,18 zł",112390,1154391,0
12-28-2023,"2,15 zł",97204,1255172,0
12-29-2023,"2,16 zł",83983,1223737,0
12-30-2023,"2,21 zł",84435,1197377,0
12-31-2023,"2,28 zł",71209,1228232,0
01-01-2024,"2,29 zł",75650,1156016,0
01-02-2024,"2,24 zł",76183,1177113,0
01-03-2024,"2,14 zł",111503,1213489,0
01-04-2024,"2,07 zł",94774,1180618,0
01-05-2024,"2,10 zł",68930,1216344,0
01-06-2024,"2,15 zł",78765,1312422,0
01-07-2024,"2,18 zł",77377,1210796,0
01-08-2024,"2,20 zł",59125,1125293,0
01-09-2024,"2,19 zł",60525,1097180,0
01-10-2024,"2,11 zł",101351,1120666,0
01-11-2024,"2,08 zł",76484,1113956,0
01-12-2024,"2,08 zł",73110,1155068,0
01-13-2024,"2,07 zł",77899,1174312,0
01-14-2024,"2,00 zł",67373,1155457,0
01-15-2024,"1,99 zł",63548,1015672,0
01-16-2024,"1,97 zł",56843,1034920,0
01-17-2024,"1,85 zł",96373,983865,0
01-18-2024,"1,71 zł",94726,947863,0
01-19-2024,"1,68 zł",98354,981239,0
01-20-2024,"1,64 zł",83446,1003394,0
01-21-2024,"1,63 zł",77497,1008813,0
01-22-2024,"1,57 zł",70485,874727,0
01-23-2024,"1,55 zł",81594,868187,0
01-24-2024,"1,49 zł",104585,944712,0
01-25-2024,"1,40 zł",81543,959501,0
01-26-2024,"1,39 zł",74954,939403,0
01-27-2024,"1,41 zł",82957,984175,0
01-28-2024,"1,39 zł",77538,1017356,0
01-29-2024,"1,36 zł",74199,953444,0
01-30-2024,"1,35 zł",64267,938210,0
01-31-2024,"1,31 zł",115068,988269,0
02-01-2024,"1,24 zł",95322,962041,0
02-02-2024,"1,24 zł",88073,959924,0
02-03-2024,"1,29 zł",95473,1018977,0
02-04-2024,"1,47 zł",100204,1097956,0
02-05-2024,"1,56 zł",69708,977681,0
02-06-2024,"1,46 zł",69104,960732,0
02-07-2024,"1,28 zł",338027,1086164,0
02-08-2024,"1,14 zł",133933,1018492,0
02-09-2024,"1,17 zł",135710,929532,0
02-10-2024,"1,23 zł",125997,1019582,0
02-11-2024,"1,26 zł",117475,1092995,0
02-12-2024,"1,28 zł",93049,1006600,0
02-13-2024,"1,27 zł",91484,1021875,0
02-14-2024,"1,17 zł",137597,1077783,0
02-15-2024,"1,16 zł",122030,1088271,0
02-16-2024,"1,16 zł",121229,1114321,0
02-17-2024,"1,16 zł",134607,1227043,0
02-18-2024,"1,16 zł",127811,1282516,0
02-19-2024,"1,15 zł",99699,1134401,0
02-20-2024,"1,12 zł",97160,1130995,0
02-21-2024,"1,07 zł",135602,1212422,0
02-22-2024,"1,06 zł",107736,1236270,0
02-23-2024,"1,08 zł",123243,1235393,0
02-24-2024,"1,12 zł",110961,1260109,0
02-25-2024,"1,12 zł",103034,1345776,0
02-26-2024,"1,13 zł",86227,1245530,0
02-27-2024,"1,15 zł",87513,1237154,0
02-28-2024,"1,13 zł",132641,1347519,0
02-29-2024,"1,19 zł",143804,1294403,0
03-01-2024,"1,26 zł",120225,1403250,0
03-02-2024,"1,29 zł",123116,1474396,0
03-03-2024,"1,31 zł",103486,1497245,0
03-04-2024,"1,30 zł",87745,1384618,0
03-05-2024,"1,28 zł",93688,1364426,0
03-06-2024,"1,23 zł",137240,1436893,0
03-07-2024,"1,22 zł",118970,1457077,0
03-08-2024,"1,23 zł",116667,1481977,0
03-09-2024,"1,25 zł",110363,1525069,0
03-10-2024,"1,24 zł",104880,1491648,0
03-11-2024,"1,23 zł",90570,1369331,0
03-12-2024,"1,22 zł",90463,1365799,0
03-13-2024,"1,17 zł",130786,1461951,0
03-14-2024,"1,15 zł",166861,1447897,0
03-15-2024,"1,13 zł",127741,1474990,0
03-16-2024,"1,16 zł",123706,1490175,0
03-17-2024,"1,17 zł",103722,1425033,0
03-18-2024,"1,17 zł",87106,1322133,0
03-19-2024,"1,17 zł",79373,1344997,0
03-20-2024,"1,12 zł",123766,1438958,0
03-21-2024,"1,09 zł",120571,1365713,0
03-22-2024,"1,16 zł",93840,1443875,0
03-23-2024,"1,17 zł",109104,1520809,0
03-24-2024,"1,19 zł",100066,1521796,0
03-25-2024,"1,22 zł",79024,1399331,0
03-26-2024,"1,23 zł",80313,1395971,0
03-27-2024,"1,17 zł",119773,1491977,0
03-28-2024,"1,18 zł",98299,1449131,0
03-29-2024,"1,22 zł",103341,1518402,0
03-30-2024,"1,25 zł",99891,1510291,0
03-31-2024,"1,27 zł",95765,1484422,0
04-01-2024,"1,28 zł",92819,1491700,0
04-02-2024,"1,23 zł",78775,1456925,0
04-03-2024,"1,18 zł",119975,1501510,0
04-04-2024,"1,17 zł",96972,1424575,0
04-05-2024,"1,21 zł",98671,1446495,0
04-06-2024,"1,23 zł",98470,1519645,0
04-07-2024,"1,23 zł",95546,1618685,0
04-08-2024,"1,23 zł",75684,1505107,0
04-09-2024,"1,23 zł",89740,1490672,0
04-10-2024,"1,19 zł",120700,1589632,0
04-11-2024,"1,21 zł",109415,1517906,0
04-12-2024,"1,24 zł",117753,1579906,0
04-13-2024,"1,22 zł",102968,1588811,0
04-14-2024,"1,21 zł",97402,1582155,0
04-15-2024,"1,22 zł",83559,1445606,0
04-16-2024,"1,21 zł",84585,1468403,0
04-17-2024,"1,18 zł",132549,1107242,0
Suma całkowita,"1,54 zł",120304102,,